{"cameraMode":{"drawMode":0,"name":"Shaded","section":"Shading Mode"},"sceneLighting":true,"audioPlay":false,"sceneViewState":{"m_AlwaysRefresh":false,"showFog":true,"showSkybox":true,"showFlares":true,"showImageEffects":true,"showParticleSystems":true,"showVisualEffectGraphs":true,"m_FxEnabled":true},"in2DMode":false,"pivot":{"x":-19.815750122070314,"y":-14.804933547973633,"z":9.574234008789063},"rotation":{"x":0.29079586267471316,"y":-0.28689688444137576,"z":0.09187000244855881,"w":0.9081262946128845},"size":20.055696487426759,"orthographic":false}